date,PMI,VIX_Open,VIX_High,VIX_Low,VIX_Close,SPX_Open,SPX_High,SPX_Low,SPX_Close
1/1/1950,59.1,NaN,NaN,NaN,NaN,16.66,17.09,16.66,17.049999
2/1/1950,60.5,NaN,NaN,NaN,NaN,17.049999,17.32,16.99,17.219999
3/1/1950,62.1,NaN,NaN,NaN,NaN,17.24,17.559999,17.07,17.290001
4/1/1950,68.1,NaN,NaN,NaN,NaN,17.530001,18.049999,17.530001,17.959999
5/1/1950,74.7,NaN,NaN,NaN,NaN,18.219999,18.780001,18.110001,18.780001
6/1/1950,76.6,NaN,NaN,NaN,NaN,18.77,19.4,17.440001,17.690001
7/1/1950,77.5,NaN,NaN,NaN,NaN,17.639999,17.91,16.68,17.84
8/1/1950,75.8,NaN,NaN,NaN,NaN,18.02,18.82,17.950001,18.42
9/1/1950,68.1,NaN,NaN,NaN,NaN,18.549999,19.450001,18.540001,19.450001
10/1/1950,59.2,NaN,NaN,NaN,NaN,19.690001,20.120001,19.530001,19.530001
11/1/1950,63.1,NaN,NaN,NaN,NaN,19.559999,20.32,19.360001,19.51
12/1/1950,67.1,NaN,NaN,NaN,NaN,19.66,20.43,19,20.43
1/1/1951,67.8,NaN,NaN,NaN,NaN,20.77,21.74,20.690001,21.66
2/1/1951,69.3,NaN,NaN,NaN,NaN,21.77,22.200001,21.76,21.799999
3/1/1951,65.5,NaN,NaN,NaN,NaN,21.85,21.950001,21.25,21.48
4/1/1951,53.5,NaN,NaN,NaN,NaN,21.32,22.43,21.26,22.43
5/1/1951,50.7,NaN,NaN,NaN,NaN,22.530001,22.809999,21.030001,21.52
6/1/1951,45.5,NaN,NaN,NaN,NaN,21.48,22.049999,20.959999,20.959999
7/1/1951,42.1,NaN,NaN,NaN,NaN,21.1,22.629999,21.1,22.4
8/1/1951,43.6,NaN,NaN,NaN,NaN,22.51,23.280001,22.51,23.280001
9/1/1951,48.1,NaN,NaN,NaN,NaN,23.280001,23.709999,23.26,23.26
10/1/1951,49.6,NaN,NaN,NaN,NaN,23.469999,23.85,22.66,22.940001
11/1/1951,47.2,NaN,NaN,NaN,NaN,23.1,23.1,22.4,22.879999
12/1/1951,46.5,NaN,NaN,NaN,NaN,23.01,23.77,23.01,23.77
1/1/1952,44.7,NaN,NaN,NaN,NaN,23.799999,24.66,23.74,24.139999
2/1/1952,41.8,NaN,NaN,NaN,NaN,24.299999,24.299999,23.09,23.26
3/1/1952,40,NaN,NaN,NaN,NaN,23.290001,24.370001,23.290001,24.370001
4/1/1952,36.7,NaN,NaN,NaN,NaN,24.18,24.18,23.32,23.32
5/1/1952,39.5,NaN,NaN,NaN,NaN,23.17,23.940001,23.17,23.860001
6/1/1952,43.3,NaN,NaN,NaN,NaN,23.799999,24.959999,23.780001,24.959999
7/1/1952,48.3,NaN,NaN,NaN,NaN,25.120001,25.4,24.809999,25.4
8/1/1952,60.4,NaN,NaN,NaN,NaN,25.450001,25.549999,24.83,25.030001
9/1/1952,56.1,NaN,NaN,NaN,NaN,25.15,25.25,24.450001,24.540001
10/1/1952,56.2,NaN,NaN,NaN,NaN,24.48,24.58,23.799999,24.52
11/1/1952,56.8,NaN,NaN,NaN,NaN,24.6,25.66,24.6,25.66
12/1/1952,55.8,NaN,NaN,NaN,NaN,25.68,26.59,25.610001,26.57
1/1/1953,59.4,NaN,NaN,NaN,NaN,26.540001,26.66,25.860001,26.379999
2/1/1953,55.4,NaN,NaN,NaN,NaN,26.51,26.540001,25.48,25.9
3/1/1953,50.5,NaN,NaN,NaN,NaN,25.93,26.33,25.290001,25.290001
4/1/1953,51.1,NaN,NaN,NaN,NaN,25.25,25.25,24.190001,24.620001
5/1/1953,48.9,NaN,NaN,NaN,NaN,24.73,25.059999,24.459999,24.540001
6/1/1953,48.5,NaN,NaN,NaN,NaN,24.15,24.219999,23.540001,24.139999
7/1/1953,46.3,NaN,NaN,NaN,NaN,24.24,24.75,24.07,24.75
8/1/1953,43.5,NaN,NaN,NaN,NaN,24.84,24.84,23.32,23.32
9/1/1953,40.2,NaN,NaN,NaN,NaN,23.42,23.65,22.709999,23.35
10/1/1953,37.4,NaN,NaN,NaN,NaN,23.49,24.58,23.389999,24.540001
11/1/1953,36.9,NaN,NaN,NaN,NaN,24.66,24.76,24.25,24.76
12/1/1953,35.6,NaN,NaN,NaN,NaN,24.780001,24.99,24.549999,24.809999
1/1/1954,37.4,NaN,NaN,NaN,NaN,24.950001,26.09,24.799999,26.08
2/1/1954,40.7,NaN,NaN,NaN,NaN,25.99,26.299999,25.809999,26.15
3/1/1954,44.7,NaN,NaN,NaN,NaN,26.25,26.940001,26.25,26.940001
4/1/1954,47.7,NaN,NaN,NaN,NaN,27.17,28.26,27.01,28.26
5/1/1954,50.1,NaN,NaN,NaN,NaN,28.209999,29.190001,28.209999,29.190001
6/1/1954,52.1,NaN,NaN,NaN,NaN,29.190001,29.43,28.15,29.209999
7/1/1954,51.7,NaN,NaN,NaN,NaN,29.209999,30.879999,29.209999,30.879999
8/1/1954,54.4,NaN,NaN,NaN,NaN,30.99,31.209999,29.83,29.83
9/1/1954,53.5,NaN,NaN,NaN,NaN,30.040001,32.689999,30.040001,32.310001
10/1/1954,58.2,NaN,NaN,NaN,NaN,32.290001,32.759998,31.68,31.68
11/1/1954,58.8,NaN,NaN,NaN,NaN,31.790001,34.549999,31.790001,34.240002
12/1/1954,63.8,NaN,NaN,NaN,NaN,33.990002,35.98,33.990002,35.98
1/1/1955,63,NaN,NaN,NaN,NaN,36.75,36.75,34.580002,36.630001
2/1/1955,67.8,NaN,NaN,NaN,NaN,36.720001,37.150002,36.439999,36.759998
3/1/1955,67.5,NaN,NaN,NaN,NaN,36.830002,37.52,34.959999,36.580002
4/1/1955,68.7,NaN,NaN,NaN,NaN,36.950001,38.32,36.830002,37.959999
5/1/1955,69.5,NaN,NaN,NaN,NaN,38.040001,38.040001,36.970001,37.91
6/1/1955,63.3,NaN,NaN,NaN,NaN,37.959999,41.029999,37.959999,41.029999
7/1/1955,66.2,NaN,NaN,NaN,NaN,41.189999,43.759998,41.189999,43.52
8/1/1955,64.8,NaN,NaN,NaN,NaN,42.93,43.18,41.740002,43.18
9/1/1955,62.4,NaN,NaN,NaN,NaN,43.369999,45.630001,42.610001,43.669998
10/1/1955,63.7,NaN,NaN,NaN,NaN,42.490002,42.990002,40.799999,42.34
11/1/1955,62,NaN,NaN,NaN,NaN,42.279999,46.41,42.279999,45.509998
12/1/1955,65.6,NaN,NaN,NaN,NaN,45.349998,45.889999,44.950001,45.48
1/1/1956,60.2,NaN,NaN,NaN,NaN,45.16,45.16,43.110001,43.82
2/1/1956,58.2,NaN,NaN,NaN,NaN,44.029999,45.43,43.419998,45.34
3/1/1956,57.2,NaN,NaN,NaN,NaN,45.540001,48.869999,45.540001,48.48
4/1/1956,55.9,NaN,NaN,NaN,NaN,48.700001,48.849998,47.09,48.380001
5/1/1956,51.2,NaN,NaN,NaN,NaN,48.16,48.509998,44.099998,45.200001
6/1/1956,47.7,NaN,NaN,NaN,NaN,45.580002,47.130001,45.139999,46.970001
7/1/1956,44.2,NaN,NaN,NaN,NaN,46.93,49.48,46.93,49.389999
8/1/1956,51.5,NaN,NaN,NaN,NaN,49.619999,49.639999,46.939999,47.509998
9/1/1956,55.5,NaN,NaN,NaN,NaN,47.889999,48.099998,45.349998,45.349998
10/1/1956,52.7,NaN,NaN,NaN,NaN,44.700001,47,44.700001,45.580002
11/1/1956,55,NaN,NaN,NaN,NaN,46.52,47.599998,44.380001,45.080002
12/1/1956,52.7,NaN,NaN,NaN,NaN,45.98,47.040001,45.84,46.669998
1/1/1957,53.6,NaN,NaN,NaN,NaN,46.200001,46.66,44.400002,44.720001
2/1/1957,51,NaN,NaN,NaN,NaN,44.619999,44.619999,42.389999,43.259998
3/1/1957,47.5,NaN,NaN,NaN,NaN,43.740002,44.23,43.740002,44.110001
4/1/1957,43.1,NaN,NaN,NaN,NaN,44.139999,45.740002,44.139999,45.740002
5/1/1957,43.4,NaN,NaN,NaN,NaN,46.02,47.43,46.02,47.43
6/1/1957,45.9,NaN,NaN,NaN,NaN,47.369999,48.240002,46.779999,47.369999
7/1/1957,45.7,NaN,NaN,NaN,NaN,47.43,49.130001,47.43,47.91
8/1/1957,45.3,NaN,NaN,NaN,NaN,47.790001,47.790001,43.889999,45.220001
9/1/1957,45.8,NaN,NaN,NaN,NaN,45.439999,45.439999,42.419998,42.419998
10/1/1957,41.1,NaN,NaN,NaN,NaN,42.759998,43.139999,38.98,41.060001
11/1/1957,40.4,NaN,NaN,NaN,NaN,40.439999,41.720001,39.439999,41.720001
12/1/1957,36.8,NaN,NaN,NaN,NaN,41.360001,41.540001,39.380001,39.990002
1/1/1958,33.4,NaN,NaN,NaN,NaN,40.330002,41.880001,40.330002,41.700001
2/1/1958,37.2,NaN,NaN,NaN,NaN,42.040001,42.459999,40.610001,40.84
3/1/1958,39.8,NaN,NaN,NaN,NaN,41.130001,42.580002,41.130001,42.099998
4/1/1958,39.1,NaN,NaN,NaN,NaN,41.93,43.439999,41.330002,43.439999
5/1/1958,46.6,NaN,NaN,NaN,NaN,43.540001,44.09,43.119999,44.09
6/1/1958,51.4,NaN,NaN,NaN,NaN,44.310001,45.34,44.310001,45.240002
7/1/1958,54.7,NaN,NaN,NaN,NaN,45.279999,47.189999,45.110001,47.189999
8/1/1958,57.3,NaN,NaN,NaN,NaN,47.490002,48.16,47.220001,47.75
9/1/1958,59.8,NaN,NaN,NaN,NaN,48,50.060001,47.970001,50.060001
10/1/1958,62.3,NaN,NaN,NaN,NaN,49.98,51.619999,49.98,51.330002
11/1/1958,62.7,NaN,NaN,NaN,NaN,51.560001,53.240002,51.02,52.48
12/1/1958,60.5,NaN,NaN,NaN,NaN,52.689999,55.209999,52.459999,55.209999
1/1/1959,64.4,NaN,NaN,NaN,NaN,55.439999,56.040001,54.889999,55.450001
2/1/1959,66.9,NaN,NaN,NaN,NaN,55.209999,55.52,53.580002,55.41
3/1/1959,67.1,NaN,NaN,NaN,NaN,55.73,56.669998,55.439999,55.439999
4/1/1959,66.9,NaN,NaN,NaN,NaN,55.689999,58.169998,55.689999,57.59
5/1/1959,68.2,NaN,NaN,NaN,NaN,57.650002,58.68,56.880001,58.68
6/1/1959,64.4,NaN,NaN,NaN,NaN,58.630001,58.630001,56.360001,58.470001
7/1/1959,61.5,NaN,NaN,NaN,NaN,58.970001,60.619999,58.91,60.509998
8/1/1959,55.1,NaN,NaN,NaN,NaN,60.709999,60.709999,58.27,59.599998
9/1/1959,48.3,NaN,NaN,NaN,NaN,58.869999,58.919998,55.139999,56.880001
10/1/1959,49.7,NaN,NaN,NaN,NaN,56.939999,57.52,56,57.52
11/1/1959,50.6,NaN,NaN,NaN,NaN,57.41,58.279999,56.220001,58.279999
12/1/1959,58.2,NaN,NaN,NaN,NaN,58.700001,59.889999,58.599998,59.889999
1/1/1960,61.5,NaN,NaN,NaN,NaN,59.91,60.389999,55.610001,55.610001
2/1/1960,52.3,NaN,NaN,NaN,NaN,55.959999,56.82,54.73,56.119999
3/1/1960,47.8,NaN,NaN,NaN,NaN,56.009998,56.009998,53.470001,55.34
4/1/1960,45.3,NaN,NaN,NaN,NaN,55.43,56.59,54.369999,54.369999
5/1/1960,42.6,NaN,NaN,NaN,NaN,54.130001,55.830002,54.130001,55.830002
6/1/1960,44.4,NaN,NaN,NaN,NaN,55.889999,58,55.889999,56.919998
7/1/1960,43.7,NaN,NaN,NaN,NaN,57.060001,57.380001,54.169998,55.509998
8/1/1960,47.6,NaN,NaN,NaN,NaN,55.529999,58.07,54.720001,56.959999
9/1/1960,45.4,NaN,NaN,NaN,NaN,57.09,57.09,52.48,53.52
10/1/1960,46,NaN,NaN,NaN,NaN,53.360001,54.860001,52.200001,53.389999
11/1/1960,44.3,NaN,NaN,NaN,NaN,53.939999,56.43,53.939999,55.540001
12/1/1960,44.3,NaN,NaN,NaN,NaN,55.299999,58.110001,55.299999,58.110001
1/1/1961,43.9,NaN,NaN,NaN,NaN,57.57,61.970001,57.57,61.779999
2/1/1961,43.6,NaN,NaN,NaN,NaN,61.900002,63.439999,61.139999,63.439999
3/1/1961,49.1,NaN,NaN,NaN,NaN,63.43,65.059998,63.380001,65.059998
4/1/1961,57.6,NaN,NaN,NaN,NaN,65.599998,68.68,64.400002,65.309998
5/1/1961,58.9,NaN,NaN,NaN,NaN,65.169998,67.389999,65.169998,66.559998
6/1/1961,58.1,NaN,NaN,NaN,NaN,66.559998,67.080002,64.470001,64.639999
7/1/1961,58.2,NaN,NaN,NaN,NaN,65.209999,66.760002,64.410004,66.760002
8/1/1961,60.7,NaN,NaN,NaN,NaN,67.370003,68.440002,66.940002,68.07
9/1/1961,63,NaN,NaN,NaN,NaN,68.190002,68.459999,65.769997,66.730003
10/1/1961,62.2,NaN,NaN,NaN,NaN,66.769997,68.620003,66.730003,68.620003
11/1/1961,59,NaN,NaN,NaN,NaN,68.730003,71.849998,68.730003,71.32
12/1/1961,64.2,NaN,NaN,NaN,NaN,71.779999,72.639999,70.860001,71.550003
1/1/1962,60.9,NaN,NaN,NaN,NaN,71.550003,71.959999,67.550003,68.839996
2/1/1962,61.1,NaN,NaN,NaN,NaN,68.839996,71.129997,68.559998,69.959999
3/1/1962,60.6,NaN,NaN,NaN,NaN,69.959999,71.440002,69.160004,69.550003
4/1/1962,55.1,NaN,NaN,NaN,NaN,69.550003,69.82,64.949997,65.239998
5/1/1962,52.2,NaN,NaN,NaN,NaN,65.239998,66.93,53.130001,59.630001
6/1/1962,50.8,NaN,NaN,NaN,NaN,59.630001,59.959999,51.349998,54.75
7/1/1962,51,NaN,NaN,NaN,NaN,54.75,58.669998,54.470001,58.23
8/1/1962,49.5,NaN,NaN,NaN,NaN,58.23,60.330002,56.759998,59.119999
9/1/1962,50,NaN,NaN,NaN,NaN,59.119999,59.540001,55.529999,56.27
10/1/1962,51.2,NaN,NaN,NaN,NaN,56.27,57.830002,52.549999,56.52
11/1/1962,53.8,NaN,NaN,NaN,NaN,56.52,62.779999,55.900002,62.259998
12/1/1962,57.2,NaN,NaN,NaN,NaN,62.259998,63.5,61.279999,63.099998
1/1/1963,55.2,NaN,NaN,NaN,NaN,63.099998,66.589996,62.32,66.199997
2/1/1963,55.1,NaN,NaN,NaN,NaN,66.309998,66.959999,64.080002,64.290001
3/1/1963,54.7,NaN,NaN,NaN,NaN,64.290001,67.010002,63.799999,66.57
4/1/1963,57.6,NaN,NaN,NaN,NaN,66.57,70.18,66.230003,69.800003
5/1/1963,59.8,NaN,NaN,NaN,NaN,69.800003,71.139999,69.029999,70.800003
6/1/1963,58.2,NaN,NaN,NaN,NaN,70.800003,71.239998,68.779999,69.370003
7/1/1963,55.5,NaN,NaN,NaN,NaN,69.370003,70.480003,67.540001,69.129997
8/1/1963,55.1,NaN,NaN,NaN,NaN,69.129997,72.709999,68.639999,72.5
9/1/1963,56.9,NaN,NaN,NaN,NaN,72.5,73.870003,71.279999,71.699997
10/1/1963,57.7,NaN,NaN,NaN,NaN,71.699997,75.18,71.57,74.010002
11/1/1963,57.5,NaN,NaN,NaN,NaN,74.010002,74.440002,69.480003,73.230003
12/1/1963,54,NaN,NaN,NaN,NaN,73.230003,75.360001,73.019997,75.019997
1/1/1964,57.1,NaN,NaN,NaN,NaN,75.019997,77.779999,74.82,77.040001
2/1/1964,57.9,NaN,NaN,NaN,NaN,77.040001,78.309998,76.360001,77.800003
3/1/1964,60.2,NaN,NaN,NaN,NaN,77.800003,79.889999,77.5,78.980003
4/1/1964,59.2,NaN,NaN,NaN,NaN,78.980003,81.199997,78.669998,79.459999
5/1/1964,58.7,NaN,NaN,NaN,NaN,79.459999,81.809998,79.459999,80.370003
6/1/1964,60.1,NaN,NaN,NaN,NaN,80.370003,82.099998,78.150002,81.690002
7/1/1964,62.9,NaN,NaN,NaN,NaN,81.690002,84.330002,81.459999,83.18
8/1/1964,63.3,NaN,NaN,NaN,NaN,83.18,83.489998,80.800003,81.830002
9/1/1964,63.3,NaN,NaN,NaN,NaN,81.830002,84.800003,81.57,84.18
10/1/1964,60.7,NaN,NaN,NaN,NaN,84.18,85.699997,83.650002,84.860001
11/1/1964,61.8,NaN,NaN,NaN,NaN,84.860001,86.800003,84.099998,84.419998
12/1/1964,62.4,NaN,NaN,NaN,NaN,84.419998,85.18,82.650002,84.75
1/1/1965,61,NaN,NaN,NaN,NaN,84.75,88.190002,83.769997,87.559998
2/1/1965,62.1,NaN,NaN,NaN,NaN,87.559998,88.059998,85.25,87.43
3/1/1965,64.9,NaN,NaN,NaN,NaN,87.43,87.93,85.650002,86.160004
4/1/1965,62,NaN,NaN,NaN,NaN,86.160004,89.639999,85.870003,89.110001
5/1/1965,61.3,NaN,NaN,NaN,NaN,89.110001,90.68,87.239998,88.419998
6/1/1965,58.7,NaN,NaN,NaN,NaN,88.419998,88.800003,80.730003,84.120003
7/1/1965,58.1,NaN,NaN,NaN,NaN,84.120003,86.470001,83.300003,85.25
8/1/1965,58.1,NaN,NaN,NaN,NaN,85.25,87.790001,84.800003,87.169998
9/1/1965,61,NaN,NaN,NaN,NaN,87.169998,91.129997,86.690002,89.959999
10/1/1965,58.6,NaN,NaN,NaN,NaN,89.959999,93.190002,89.300003,92.419998
11/1/1965,59.4,NaN,NaN,NaN,NaN,92.419998,93.300003,90.809998,91.610001
12/1/1965,62.8,NaN,NaN,NaN,NaN,91.610001,93.07,89.199997,92.43
1/1/1966,65.8,NaN,NaN,NaN,NaN,92.43,94.639999,91.629997,92.879997
2/1/1966,65.5,NaN,NaN,NaN,NaN,92.879997,94.720001,90.43,91.220001
3/1/1966,65.7,NaN,NaN,NaN,NaN,91.220001,91.650002,86.690002,89.230003
4/1/1966,64.2,NaN,NaN,NaN,NaN,89.230003,93.019997,88.959999,91.059998
5/1/1966,57.7,NaN,NaN,NaN,NaN,91.059998,91.75,83.18,86.129997
6/1/1966,59,NaN,NaN,NaN,NaN,86.129997,87.739998,83.75,84.739998
7/1/1966,60.3,NaN,NaN,NaN,NaN,84.739998,88.190002,83.050003,83.599998
8/1/1966,58.5,NaN,NaN,NaN,NaN,83.5,84.699997,73.910004,77.099998
9/1/1966,58.7,NaN,NaN,NaN,NaN,77.099998,80.809998,75.029999,76.559998
10/1/1966,57.2,NaN,NaN,NaN,NaN,76.559998,80.910004,72.279999,80.199997
11/1/1966,53.7,NaN,NaN,NaN,NaN,80.199997,83.010002,78.889999,80.449997
12/1/1966,52.4,NaN,NaN,NaN,NaN,80.449997,83.879997,79.489998,80.330002
1/1/1967,49.1,NaN,NaN,NaN,NaN,80.330002,88.169998,79.43,86.610001
2/1/1967,47.6,NaN,NaN,NaN,NaN,86.610001,89,85.610001,86.779999
3/1/1967,45.3,NaN,NaN,NaN,NaN,86.779999,91.720001,86.669998,90.199997
4/1/1967,42.8,NaN,NaN,NaN,NaN,90.199997,94.769997,87.860001,94.010002
5/1/1967,44.5,NaN,NaN,NaN,NaN,94.010002,95.25,88.709999,89.080002
6/1/1967,46.8,NaN,NaN,NaN,NaN,89.080002,93.279999,87.190002,90.639999
7/1/1967,49.5,NaN,NaN,NaN,NaN,90.639999,95.510002,90.120003,94.75
8/1/1967,52.2,NaN,NaN,NaN,NaN,94.75,96.669998,92.010002,93.639999
9/1/1967,54.9,NaN,NaN,NaN,NaN,93.639999,98.309998,93,96.709999
10/1/1967,54.1,NaN,NaN,NaN,NaN,96.709999,98.25,93.290001,93.300003
11/1/1967,54.2,NaN,NaN,NaN,NaN,93.300003,95.510002,90.089996,94
12/1/1967,55.6,NaN,NaN,NaN,NaN,94,96.900002,93.410004,96.470001
1/1/1968,56.6,NaN,NaN,NaN,NaN,96.470001,97.839996,91.269997,92.239998
2/1/1968,55,NaN,NaN,NaN,NaN,92.239998,93.440002,86.730003,89.360001
3/1/1968,53.8,NaN,NaN,NaN,NaN,89.360001,91.089996,86.989998,90.199997
4/1/1968,58,NaN,NaN,NaN,NaN,91.110001,98.610001,91.110001,97.459999
5/1/1968,55.3,NaN,NaN,NaN,NaN,97.459999,100.190002,95.800003,98.68
6/1/1968,53.5,NaN,NaN,NaN,NaN,98.720001,102.839996,98.720001,99.580002
7/1/1968,54.1,NaN,NaN,NaN,NaN,99.580002,103.669998,96.839996,97.739998
8/1/1968,52.7,NaN,NaN,NaN,NaN,97.739998,99.669998,95.790001,98.860001
9/1/1968,51.8,NaN,NaN,NaN,NaN,98.860001,103.629997,98.309998,102.669998
10/1/1968,55.8,NaN,NaN,NaN,NaN,102.669998,105.779999,101.800003,103.410004
11/1/1968,58.1,NaN,NaN,NaN,NaN,103.410004,109.089996,101.849998,108.370003
12/1/1968,56.1,NaN,NaN,NaN,NaN,108.370003,109.370003,102.980003,103.860001
1/1/1969,54.9,NaN,NaN,NaN,NaN,103.860001,104.870003,96.629997,103.010002
2/1/1969,57,NaN,NaN,NaN,NaN,103.010002,104.610001,97.360001,98.129997
3/1/1969,57.1,NaN,NaN,NaN,NaN,98.129997,102.349998,97.059998,101.510002
4/1/1969,55.2,NaN,NaN,NaN,NaN,101.510002,104.559998,99.080002,103.690002
5/1/1969,56.7,NaN,NaN,NaN,NaN,103.690002,106.739998,102.290001,103.459999
6/1/1969,55.5,NaN,NaN,NaN,NaN,103.459999,103.75,95.209999,97.709999
7/1/1969,53.1,NaN,NaN,NaN,NaN,97.709999,100.330002,88.040001,91.830002
8/1/1969,54.8,NaN,NaN,NaN,NaN,91.919998,96.43,91.480003,95.510002
9/1/1969,54.1,NaN,NaN,NaN,NaN,95.510002,96.620003,91.769997,93.120003
10/1/1969,54.6,NaN,NaN,NaN,NaN,93.120003,98.830002,91.660004,97.120003
11/1/1969,53.2,NaN,NaN,NaN,NaN,97.120003,99.230003,92.239998,93.809998
12/1/1969,52,NaN,NaN,NaN,NaN,93.809998,94.470001,88.620003,92.059998
1/1/1970,48.7,NaN,NaN,NaN,NaN,92.059998,94.25,84.419998,85.019997
2/1/1970,47.4,NaN,NaN,NaN,NaN,85.019997,90.330002,84.639999,89.5
3/1/1970,46.9,NaN,NaN,NaN,NaN,89.5,91.07,86.190002,89.629997
4/1/1970,45,NaN,NaN,NaN,NaN,89.629997,90.699997,79.309998,81.519997
5/1/1970,47.2,NaN,NaN,NaN,NaN,81.519997,82.32,68.610001,76.550003
6/1/1970,51.1,NaN,NaN,NaN,NaN,76.550003,79.959999,72.25,72.720001
7/1/1970,49.5,NaN,NaN,NaN,NaN,72.720001,79.029999,70.690002,78.050003
8/1/1970,47.3,NaN,NaN,NaN,NaN,78.050003,82.470001,74.129997,81.519997
9/1/1970,44.1,NaN,NaN,NaN,NaN,81.519997,84.989998,79.949997,84.300003
10/1/1970,42.4,NaN,NaN,NaN,NaN,84.300003,87.75,82.290001,83.25
11/1/1970,39.7,NaN,NaN,NaN,NaN,83.25,87.599998,82.230003,87.199997
12/1/1970,45.4,NaN,NaN,NaN,NaN,87.199997,92.989998,86.110001,92.150002
1/1/1971,47.9,NaN,NaN,NaN,NaN,92.150002,96.489998,90.639999,95.879997
2/1/1971,54.8,NaN,NaN,NaN,NaN,95.879997,99.589996,94.919998,96.75
3/1/1971,51.2,NaN,NaN,NaN,NaN,96.75,102.029999,96.110001,100.309998
4/1/1971,54.5,NaN,NaN,NaN,NaN,100.309998,105.599998,99.629997,103.949997
5/1/1971,54.2,NaN,NaN,NaN,NaN,103.949997,104.419998,98.68,99.629997
6/1/1971,53.8,NaN,NaN,NaN,NaN,99.629997,102.07,96.919998,98.699997
7/1/1971,54.4,NaN,NaN,NaN,NaN,99.160004,101.519997,95.080002,95.580002
8/1/1971,53.6,NaN,NaN,NaN,NaN,95.580002,101.510002,92.809998,99.029999
9/1/1971,55.1,NaN,NaN,NaN,NaN,99.029999,102.25,96.970001,98.339996
10/1/1971,55,NaN,NaN,NaN,NaN,98.339996,100.959999,92.959999,94.230003
11/1/1971,52.3,NaN,NaN,NaN,NaN,94.230003,96.080002,89.339996,93.989998
12/1/1971,57.6,NaN,NaN,NaN,NaN,93.989998,102.209999,93.949997,102.089996
1/1/1972,59.6,NaN,NaN,NaN,NaN,102.089996,105,100.870003,103.940002
2/1/1972,60.6,NaN,NaN,NaN,NaN,103.940002,107.160004,103.099998,106.57
3/1/1972,59.8,NaN,NaN,NaN,NaN,106.57,109.75,105.860001,107.199997
4/1/1972,59.3,NaN,NaN,NaN,NaN,107.199997,111.110001,106.18,107.669998
5/1/1972,61.4,NaN,NaN,NaN,NaN,107.669998,111.480003,103.830002,109.529999
6/1/1972,58.6,NaN,NaN,NaN,NaN,109.529999,110.510002,105.940002,107.139999
7/1/1972,60.1,NaN,NaN,NaN,NaN,107.139999,110.269997,104.43,107.389999
8/1/1972,61.7,NaN,NaN,NaN,NaN,107.389999,113.449997,107.059998,111.089996
9/1/1972,65.1,NaN,NaN,NaN,NaN,111.089996,112.120003,107.349998,110.550003
10/1/1972,67,NaN,NaN,NaN,NaN,110.550003,112.260002,106.269997,111.580002
11/1/1972,69.9,NaN,NaN,NaN,NaN,111.580002,117.910004,111.32,116.669998
12/1/1972,70.5,NaN,NaN,NaN,NaN,116.669998,119.790001,114.629997,118.050003
1/1/1973,72.1,NaN,NaN,NaN,NaN,118.059998,121.739998,114.970001,116.029999
2/1/1973,69.6,NaN,NaN,NaN,NaN,116.029999,118.980003,109.800003,111.68
3/1/1973,69.6,NaN,NaN,NaN,NaN,111.68,115.610001,107.410004,111.519997
4/1/1973,67.7,NaN,NaN,NaN,NaN,111.519997,113.650002,105.440002,106.970001
5/1/1973,64.8,NaN,NaN,NaN,NaN,106.970001,112.25,101.360001,104.949997
6/1/1973,65,NaN,NaN,NaN,NaN,104.949997,109.519997,101.449997,104.260002
7/1/1973,57.8,NaN,NaN,NaN,NaN,104.099998,111.040001,100.440002,108.220001
8/1/1973,62.7,NaN,NaN,NaN,NaN,108.169998,108.169998,99.739998,104.25
9/1/1973,63.5,NaN,NaN,NaN,NaN,104.25,110.449997,102.129997,108.43
10/1/1973,66.2,NaN,NaN,NaN,NaN,108.43,112.82,107.080002,108.290001
11/1/1973,68.1,NaN,NaN,NaN,NaN,108.290001,109.199997,94.879997,95.959999
12/1/1973,63.6,NaN,NaN,NaN,NaN,95.830002,99.089996,91.050003,97.550003
1/1/1974,62.1,NaN,NaN,NaN,NaN,97.550003,100.940002,91.620003,96.57
2/1/1974,58.6,NaN,NaN,NaN,NaN,96.57,97.43,89.529999,96.220001
3/1/1974,61.8,NaN,NaN,NaN,NaN,96.220001,101.050003,93.440002,93.980003
4/1/1974,59.9,NaN,NaN,NaN,NaN,93.980003,95.419998,88.620003,90.309998
5/1/1974,55.7,NaN,NaN,NaN,NaN,90.309998,93.589996,85.870003,87.279999
6/1/1974,54.7,NaN,NaN,NaN,NaN,87.279999,93.760002,85.129997,86
7/1/1974,54.8,NaN,NaN,NaN,NaN,86,86.889999,78.959999,79.309998
8/1/1974,52.9,NaN,NaN,NaN,NaN,79.309998,83.529999,69.370003,72.150002
9/1/1974,46.2,NaN,NaN,NaN,NaN,72.150002,73.010002,62.52,63.540001
10/1/1974,42.7,NaN,NaN,NaN,NaN,63.540001,75.900002,60.959999,73.900002
11/1/1974,37.9,NaN,NaN,NaN,NaN,73.900002,77.410004,66.849998,69.970001
12/1/1974,30.9,NaN,NaN,NaN,NaN,69.800003,69.800003,64.129997,68.559998
1/1/1975,30.7,NaN,NaN,NaN,NaN,68.650002,78.690002,68.650002,76.980003
2/1/1975,34.4,NaN,NaN,NaN,NaN,76.980003,83.559998,76,81.589996
3/1/1975,31.6,NaN,NaN,NaN,NaN,81.589996,87.080002,80.080002,83.360001
4/1/1975,37.5,NaN,NaN,NaN,NaN,83.360001,88.790001,79.660004,87.300003
5/1/1975,41.2,NaN,NaN,NaN,NaN,87.300003,93.510002,86.940002,91.150002
6/1/1975,45.1,NaN,NaN,NaN,NaN,91.32,95.849998,89.300003,95.190002
7/1/1975,47.2,NaN,NaN,NaN,NaN,95.190002,96.580002,87.68,88.75
8/1/1975,51.4,NaN,NaN,NaN,NaN,88.75,89.040001,82.209999,86.879997
9/1/1975,54.4,NaN,NaN,NaN,NaN,86.879997,87.419998,81.57,83.870003
10/1/1975,55.5,NaN,NaN,NaN,NaN,83.870003,91.75,82.57,89.040001
11/1/1975,54.5,NaN,NaN,NaN,NaN,89.040001,92.330002,87.629997,91.239998
12/1/1975,54.9,NaN,NaN,NaN,NaN,91.239998,91.900002,86.150002,90.190002
1/1/1976,58.8,NaN,NaN,NaN,NaN,90.190002,101.989998,89.809998,100.860001
2/1/1976,61.5,NaN,NaN,NaN,NaN,100.860001,103.07,98.5,99.709999
3/1/1976,58.4,NaN,NaN,NaN,NaN,99.709999,104.389999,98.230003,102.769997
4/1/1976,60.6,NaN,NaN,NaN,NaN,102.769997,104.629997,99.57,101.639999
5/1/1976,58.8,NaN,NaN,NaN,NaN,101.639999,103.989998,98.260002,100.18
6/1/1976,58.2,NaN,NaN,NaN,NaN,100.18,105.07,97.970001,104.279999
7/1/1976,55.9,NaN,NaN,NaN,NaN,104.279999,106.779999,102.309998,103.440002
8/1/1976,54.5,NaN,NaN,NaN,NaN,103.440002,105.410004,100.43,102.910004
9/1/1976,53.6,NaN,NaN,NaN,NaN,102.910004,108.720001,102.599998,105.239998
10/1/1976,53.5,NaN,NaN,NaN,NaN,105.239998,105.75,99.209999,102.900002
11/1/1976,51.7,NaN,NaN,NaN,NaN,102.900002,103.779999,98.18,102.099998
12/1/1976,56.6,NaN,NaN,NaN,NaN,102.099998,107.82,101.620003,107.459999
1/1/1977,54.8,NaN,NaN,NaN,NaN,107.459999,107.970001,100.910004,102.029999
2/1/1977,55,NaN,NaN,NaN,NaN,102.029999,103.32,98.82,99.82
3/1/1977,58.4,NaN,NaN,NaN,NaN,99.82,102.699997,97.800003,98.419998
4/1/1977,56.9,NaN,NaN,NaN,NaN,98.419998,102.07,96.529999,98.440002
5/1/1977,59.7,NaN,NaN,NaN,NaN,98.440002,100.93,95.519997,96.120003
6/1/1977,56.8,NaN,NaN,NaN,NaN,96.120003,101.650002,95.889999,100.480003
7/1/1977,57.7,NaN,NaN,NaN,NaN,100.480003,102.57,97.709999,98.849998
8/1/1977,54.9,NaN,NaN,NaN,NaN,98.849998,99.839996,95.040001,96.769997
9/1/1977,53.9,NaN,NaN,NaN,NaN,96.769997,98.43,94.440002,96.529999
10/1/1977,55.4,NaN,NaN,NaN,NaN,96.529999,97.269997,90.199997,92.339996
11/1/1977,56.1,NaN,NaN,NaN,NaN,92.190002,97.110001,90.010002,94.830002
12/1/1977,59.8,NaN,NaN,NaN,NaN,94.830002,95.669998,91.760002,95.099998
1/1/1978,57.4,NaN,NaN,NaN,NaN,95.099998,95.150002,88.019997,89.25
2/1/1978,55.9,NaN,NaN,NaN,NaN,89.25,91.32,86.580002,87.040001
3/1/1978,55,NaN,NaN,NaN,NaN,87.040001,91.349998,86.449997,89.209999
4/1/1978,57.7,NaN,NaN,NaN,NaN,89.199997,97.910004,88.07,96.830002
5/1/1978,60.2,NaN,NaN,NaN,NaN,96.830002,100.32,94.57,97.239998
6/1/1978,60.5,NaN,NaN,NaN,NaN,97.239998,101.839996,93.989998,95.529999
7/1/1978,62.2,NaN,NaN,NaN,NaN,95.529999,101.18,93.589996,100.68
8/1/1978,60.3,NaN,NaN,NaN,NaN,100.68,106.269997,99.949997,103.290001
9/1/1978,60.5,NaN,NaN,NaN,NaN,103.290001,108.050003,100.660004,102.540001
10/1/1978,60.1,NaN,NaN,NaN,NaN,102.540001,106.230003,91.650002,93.150002
11/1/1978,61.3,NaN,NaN,NaN,NaN,94.129997,97.410004,91.769997,94.699997
12/1/1978,59.4,NaN,NaN,NaN,NaN,95.010002,98.580002,92.639999,96.110001
1/1/1979,58.5,NaN,NaN,NaN,NaN,96.110001,102.589996,95.220001,99.93
2/1/1979,58.2,NaN,NaN,NaN,NaN,99.93,100.519997,95.379997,96.279999
3/1/1979,57.7,NaN,NaN,NaN,NaN,96.279999,103.309998,95.980003,101.589996
4/1/1979,56.2,NaN,NaN,NaN,NaN,101.559998,103.949997,100.139999,101.760002
5/1/1979,54.4,NaN,NaN,NaN,NaN,101.760002,102.57,97.489998,99.080002
6/1/1979,52.7,NaN,NaN,NaN,NaN,99.080002,103.669998,98.57,102.910004
7/1/1979,51.3,NaN,NaN,NaN,NaN,102.910004,105.169998,100.349998,103.809998
8/1/1979,49.5,NaN,NaN,NaN,NaN,103.809998,109.839996,103.139999,109.32
9/1/1979,49.6,NaN,NaN,NaN,NaN,109.32,111.580002,105.379997,109.32
10/1/1979,49,NaN,NaN,NaN,NaN,109.190002,112.160004,99.059998,101.82
11/1/1979,48,NaN,NaN,NaN,NaN,101.82,107.889999,99.419998,106.160004
12/1/1979,44.8,NaN,NaN,NaN,NaN,106.160004,110.330002,105.07,107.940002
1/1/1980,46.2,NaN,NaN,NaN,NaN,106.5,115.85,103.26,115.12
2/1/1980,50.2,NaN,NaN,NaN,NaN,114.59,120.22,111.33,113.66
3/1/1980,43.6,NaN,NaN,NaN,NaN,112.95,114.34,94.23,102.09
4/1/1980,37.4,NaN,NaN,NaN,NaN,102.1,106.79,98.95,106.29
5/1/1980,29.4,NaN,NaN,NaN,NaN,105.68,113.69,103.5,111.24
6/1/1980,30.3,NaN,NaN,NaN,NaN,110.99,118.02,110.06,114.24
7/1/1980,35,NaN,NaN,NaN,NaN,114.64,123.93,113.54,121.67
8/1/1980,45.5,NaN,NaN,NaN,NaN,121.22,127.78,119.42,122.38
9/1/1980,50.1,NaN,NaN,NaN,NaN,123.29,132.17,121.79,125.48
10/1/1980,55.5,NaN,NaN,NaN,NaN,126.55,135.88,124.66,127.47
11/1/1980,58.2,NaN,NaN,NaN,NaN,128.7,141.96,127.23,140.52
12/1/1980,53,NaN,NaN,NaN,NaN,138.2,140.66,125.32,135.76
1/1/1981,49.2,NaN,NaN,NaN,NaN,136.01,140.32,128.57,129.55
2/1/1981,48.8,NaN,NaN,NaN,NaN,127.4,132.02,124.66,131.27
3/1/1981,49.6,NaN,NaN,NaN,NaN,131.7,138.38,128.56,136
4/1/1981,51.6,NaN,NaN,NaN,NaN,136.39,137.72,131.58,132.87
5/1/1981,53.5,NaN,NaN,NaN,NaN,132.77,134.92,128.78,132.59
6/1/1981,50.7,NaN,NaN,NaN,NaN,132.84,135.67,128.77,131.21
7/1/1981,46.7,NaN,NaN,NaN,NaN,130.16,131.78,125.96,130.92
8/1/1981,48.3,NaN,NaN,NaN,NaN,130.53,135.49,122.29,122.79
9/1/1981,42.5,NaN,NaN,NaN,NaN,122.84,124.58,110.19,116.18
10/1/1981,40,NaN,NaN,NaN,NaN,116.58,123.28,115,121.89
11/1/1981,36.1,NaN,NaN,NaN,NaN,123.89,126.97,119.13,126.35
12/1/1981,37.8,NaN,NaN,NaN,NaN,126.08,127.32,121.04,122.55
1/1/1982,38.2,NaN,NaN,NaN,NaN,122.64,123.72,113.63,120.4
2/1/1982,38.3,NaN,NaN,NaN,NaN,118.24,119.81,110.71,113.11
3/1/1982,36.8,NaN,NaN,NaN,NaN,113.16,114.8,104.46,111.96
4/1/1982,37.8,NaN,NaN,NaN,NaN,113.16,120.6,111.48,116.44
5/1/1982,35.5,NaN,NaN,NaN,NaN,115.96,119.92,110.75,111
6/1/1982,38.3,NaN,NaN,NaN,NaN,111.97,112.19,107.17,109.61
7/1/1982,38.4,NaN,NaN,NaN,NaN,109.52,113,105.57,107.09
8/1/1982,38.3,NaN,NaN,NaN,NaN,107.71,120.26,102.2,119.51
9/1/1982,38.8,NaN,NaN,NaN,NaN,119.52,126.43,117.84,120.42
10/1/1982,39.4,NaN,NaN,NaN,NaN,120.4,140.4,120.15,133.72
11/1/1982,39.2,NaN,NaN,NaN,NaN,133.72,144.36,131.4,138.53
12/1/1982,42.8,NaN,NaN,NaN,NaN,138.56,143.68,134.79,140.64
1/1/1983,46,NaN,NaN,NaN,NaN,140.65,148.36,138.08,145.3
2/1/1983,54.4,NaN,NaN,NaN,NaN,145.29,152.65,141.9,148.05
3/1/1983,53.9,NaN,NaN,NaN,NaN,148.07,155.02,148.07,152.96
4/1/1983,54.2,NaN,NaN,NaN,NaN,153.85,164.43,150.17,164.43
5/1/1983,56.1,NaN,NaN,NaN,NaN,164.41,166.99,160.29,162.39
6/1/1983,57.5,NaN,NaN,NaN,NaN,162.38,171.6,160.8,168.11
7/1/1983,63.6,NaN,NaN,NaN,NaN,168.12,171.4,161.5,162.56
8/1/1983,63.1,NaN,NaN,NaN,NaN,162.34,165.8,158.5,164.4
9/1/1983,62.5,NaN,NaN,NaN,NaN,164.4,170.41,163.95,166.07
10/1/1983,64.4,NaN,NaN,NaN,NaN,166.07,172.65,162.86,163.55
11/1/1983,66,NaN,NaN,NaN,NaN,163.55,168.6,161.63,166.39
12/1/1983,69.9,NaN,NaN,NaN,NaN,166.4,168.05,161.58,164.93
1/1/1984,60.5,NaN,NaN,NaN,NaN,168.3,170.95,162.03,163.42
2/1/1984,61.3,NaN,NaN,NaN,NaN,163.43,164,152.13,157.06
3/1/1984,58.9,NaN,NaN,NaN,NaN,157.07,160.46,153.77,159.18
4/1/1984,61,NaN,NaN,NaN,NaN,159.19,161.45,154.12,160.04
5/1/1984,58.6,NaN,NaN,NaN,NaN,160.07,162.11,148.68,150.55
6/1/1984,58.1,NaN,NaN,NaN,NaN,150.55,155.64,148.53,153.18
7/1/1984,56.1,NaN,NaN,NaN,NaN,153.21,156.3,147.26,150.66
8/1/1984,53,NaN,NaN,NaN,NaN,150.66,168.79,150.66,166.68
9/1/1984,50,NaN,NaN,NaN,NaN,166.9,170.1,163.06,166.1
10/1/1984,50.8,NaN,NaN,NaN,NaN,166.07,169.62,160.02,166.09
11/1/1984,50.3,NaN,NaN,NaN,NaN,166.1,170.41,162.99,163.58
12/1/1984,50.6,NaN,NaN,NaN,NaN,163.57,171.8,161.54,167.24
1/1/1985,50.3,NaN,NaN,NaN,NaN,167.2,180.27,163.36,179.63
2/1/1985,49.9,NaN,NaN,NaN,NaN,179.6,183.95,177.75,181.18
3/1/1985,47.8,NaN,NaN,NaN,NaN,181.18,183.89,176.53,180.66
4/1/1985,48.2,NaN,NaN,NaN,NaN,180.66,184.85,177.86,179.83
5/1/1985,47.1,NaN,NaN,NaN,NaN,179.86,190.55,178.35,189.57
6/1/1985,47.8,NaN,NaN,NaN,NaN,189.56,191.85,185.03,191.85
7/1/1985,47.9,NaN,NaN,NaN,NaN,191.82,196.07,189.3,190.92
8/1/1985,47.7,NaN,NaN,NaN,NaN,190.91,192.17,186.12,188.63
9/1/1985,49.9,NaN,NaN,NaN,NaN,187.82,189.1,179.45,182.08
10/1/1985,50.9,NaN,NaN,NaN,NaN,182.06,190.95,181.16,189.82
11/1/1985,52,NaN,NaN,NaN,NaN,189.81,204.5,189.37,202.17
12/1/1985,50.7,NaN,NaN,NaN,NaN,202.17,213.75,200.1,211.28
1/1/1986,51.2,NaN,NaN,NaN,NaN,212.3,214.57,202.6,211.78
2/1/1986,51,NaN,NaN,NaN,NaN,211.72,227.92,210.82,226.92
3/1/1986,51,NaN,NaN,NaN,NaN,226.92,243.8,222.18,238.9
4/1/1986,49.7,NaN,NaN,NaN,NaN,238.88,245.47,226.3,235.52
5/1/1986,53.4,NaN,NaN,NaN,NaN,235.51,250.4,232.26,247.35
6/1/1986,50.5,NaN,NaN,NaN,NaN,247.34,251.81,238.23,250.84
7/1/1986,48,NaN,NaN,NaN,NaN,250.67,255.2,233.07,236.12
8/1/1986,52.6,NaN,NaN,NaN,NaN,236.12,254.24,231.92,252.93
9/1/1986,52.4,NaN,NaN,NaN,NaN,252.93,254.13,228.08,231.32
10/1/1986,51.2,NaN,NaN,NaN,NaN,231.32,244.51,231.32,243.98
11/1/1986,51.2,NaN,NaN,NaN,NaN,243.97,249.22,235.51,249.22
12/1/1986,50.5,NaN,NaN,NaN,NaN,249.22,254.87,241.28,242.16
1/1/1987,54.9,NaN,NaN,NaN,NaN,242.17,280.96,242.17,274.08
2/1/1987,52.6,NaN,NaN,NaN,NaN,274.08,287.55,273.16,284.2
3/1/1987,55,NaN,NaN,NaN,NaN,284.17,302.72,282.3,291.7
4/1/1987,55.5,NaN,NaN,NaN,NaN,291.7,303.64,275.68,288.35
5/1/1987,57.2,NaN,NaN,NaN,NaN,288.35,298.69,277.02,290.1
6/1/1987,57.4,NaN,NaN,NaN,NaN,290.1,310.25,286.93,304
7/1/1987,57.5,NaN,NaN,NaN,NaN,304,318.85,302.54,318.66
8/1/1987,59.3,NaN,NaN,NaN,NaN,320.25,337.89,314.51,329.79
9/1/1987,60,NaN,NaN,NaN,NaN,329.81,332.18,308.56,321.83
10/1/1987,60.7,NaN,NaN,NaN,NaN,321.87,328.93,216.47,251.79
11/1/1987,58.8,NaN,NaN,NaN,NaN,251.79,257.21,225.76,230.31
12/1/1987,61,NaN,NaN,NaN,NaN,233.96,253.35,221.24,247.09
1/1/1988,57.5,NaN,NaN,NaN,NaN,247.1,261.77,240.17,257.07
2/1/1988,56.2,NaN,NaN,NaN,NaN,257.05,267.82,247.82,267.82
3/1/1988,54.6,NaN,NaN,NaN,NaN,267.83,272.64,256.07,258.89
4/1/1988,55.8,NaN,NaN,NaN,NaN,258.88,272.03,254.71,261.33
5/1/1988,55.5,NaN,NaN,NaN,NaN,261.33,263.7,248.85,262.14
6/1/1988,59.3,NaN,NaN,NaN,NaN,262.16,276.88,262.1,273.5
7/1/1988,58.2,NaN,NaN,NaN,NaN,273.51,276.36,262.48,272.01
8/1/1988,56,NaN,NaN,NaN,NaN,272.02,274.2,256.53,261.52
9/1/1988,54.5,NaN,NaN,NaN,NaN,261.52,274.87,256.98,271.91
10/1/1988,55.4,NaN,NaN,NaN,NaN,271.91,283.95,268.84,278.97
11/1/1988,55.6,NaN,NaN,NaN,NaN,278.97,280.37,262.85,273.69
12/1/1988,56,NaN,NaN,NaN,NaN,273.68,280.45,270.47,277.72
1/1/1989,54.7,NaN,NaN,NaN,NaN,277.72,297.51,273.81,297.48
2/1/1989,54.1,NaN,NaN,NaN,NaN,297.48,300.57,286.26,288.86
3/1/1989,51.5,NaN,NaN,NaN,NaN,288.86,299.99,286.46,294.87
4/1/1989,52.2,NaN,NaN,NaN,NaN,294.87,310.45,294.35,309.64
5/1/1989,49.3,NaN,NaN,NaN,NaN,309.64,323.06,304.06,320.52
6/1/1989,47.3,NaN,NaN,NaN,NaN,320.5,329.19,314.38,317.98
7/1/1989,45.9,NaN,NaN,NaN,NaN,317.98,346.08,317.26,346.08
8/1/1989,45.1,NaN,NaN,NaN,NaN,346.13,352.73,339,351.45
9/1/1989,46,NaN,NaN,NaN,NaN,351.45,354.13,341.37,349.15
10/1/1989,46.8,NaN,NaN,NaN,NaN,349.15,360.44,327.12,340.36
11/1/1989,46.8,NaN,NaN,NaN,NaN,340.37,346.5,330.91,345.99
12/1/1989,47.4,NaN,NaN,NaN,NaN,345.99,354.1,339.63,353.4
1/1/1990,47.2,18.19,27.25,18.19,25.36,353.39,360.59,319.83,329.08
2/1/1990,49.1,24.87,24.87,19.71,21.99,329.07,336.09,322.1,331.89
3/1/1990,49.9,21.9,22.74,17.62,19.73,331.86,344.49,331.08,339.94
4/1/1990,50,22.84,24.16,17.73,19.52,339.93,347.3,327.76,330.8
5/1/1990,49.5,18.43,20.14,16.72,17.37,330.8,362.26,330.8,361.23
6/1/1990,49.2,17.09,19.36,14.72,15.5,361.26,368.78,351.23,358.02
7/1/1990,46.6,16.26,23.68,15.63,21.11,358.02,369.78,350.09,356.15
8/1/1990,46.1,21.64,36.47,20.43,29.9,356.15,357.35,306.18,322.56
9/1/1990,44.5,29.58,30.56,27.88,29.11,322.56,326.53,295.98,306.05
10/1/1990,43.2,28.06,33.98,27.27,30.04,306.1,319.69,294.51,304
11/1/1990,41.3,30.25,30.87,20.09,22.16,304,323.02,301.61,322.22
12/1/1990,40.8,22.29,26.38,20.94,26.38,322.23,333.98,321.97,330.22
1/1/1991,39.2,26.62,36.2,20.91,20.91,330.2,343.93,309.35,343.93
2/1/1991,39.4,21.04,23.6,19.57,21.23,343.91,370.96,340.37,367.07
3/1/1991,40.7,20.86,21.05,14.9,16.88,367.07,379.66,363.73,375.22
4/1/1991,42.8,17.42,20.12,15.47,18.24,375.22,391.26,370.27,375.35
5/1/1991,44.5,17.77,18.38,15.23,15.93,375.35,389.85,365.83,389.83
6/1/1991,50.3,16.87,19.55,15.5,19.55,389.75,389.75,367.98,371.16
7/1/1991,50.6,18.64,20.29,15.18,15.18,371.18,387.81,370.92,387.81
8/1/1991,52.9,15.47,21.19,14.41,14.46,387.81,396.82,374.09,395.43
9/1/1991,54.9,16.57,18.22,15.35,15.85,395.43,397.62,382.77,387.86
10/1/1991,53.1,14.81,18.58,14.81,15.48,387.86,393.81,376.11,392.46
11/1/1991,49.5,15.6,21.92,13.95,20.26,392.46,398.22,371.63,375.22
12/1/1991,46.8,20.18,20.57,15.44,19.31,375.11,418.32,371.36,417.09
1/1/1992,47.3,18.95,19.23,16.24,17.4,417.03,421.18,408.64,408.79
2/1/1992,52.7,18.2,18.79,16.35,16.68,408.79,418.08,406.34,412.7
3/1/1992,54.6,16.88,19.79,14.57,16.18,412.68,413.78,401.94,403.69
4/1/1992,52.6,16.48,20.15,14.85,15.53,403.67,416.28,392.41,414.95
5/1/1992,55.7,16.61,16.92,13.57,13.86,414.95,418.75,409.85,415.35
6/1/1992,53.6,14.43,18.2,13.21,13.35,415.35,417.3,399.92,408.14
7/1/1992,53.9,13.34,15.83,12.27,13.17,408.2,424.8,407.2,424.22
8/1/1992,53.4,13.83,15.88,13.14,13.58,424.19,425.14,408.3,414.03
9/1/1992,49.7,13.4,15.19,12.47,14.28,414.03,425.27,412.71,417.8
10/1/1992,50.3,16.31,20.51,15.47,16.15,417.8,421.16,396.8,418.68
11/1/1992,53.6,16.67,17.33,12.5,13.01,418.66,431.93,415.58,431.35
12/1/1992,54.2,12.8,12.8,11.51,12.57,431.35,442.65,428.61,435.71
1/1/1993,55.8,13.36,14.72,11.3,12.42,435.7,442.66,426.88,438.78
2/1/1993,55.2,12.33,15.9,12.12,13.16,438.79,450.04,428.25,443.38
3/1/1993,53.5,13.6,16.22,12.08,12.53,443.4,456.76,441.07,451.67
4/1/1993,50.2,13.02,15.25,10.96,12.42,451.67,452.63,432.3,440.19
5/1/1993,51.2,12.9,14.76,12.14,13.47,440.19,454.55,436.86,450.21
6/1/1993,49.6,13.67,14.74,11.11,11.26,450.19,455.63,442.5,450.53
7/1/1993,50.2,11.51,13.87,10.6,11.73,450.54,451.15,441.4,448.13
8/1/1993,50.7,11.47,12.39,11.47,11.85,448.14,463.56,446.94,463.56
9/1/1993,50.8,11.48,17.3,11.16,12.99,463.55,463.8,449.64,458.93
10/1/1993,53.4,11.83,13.14,10.87,11.46,458.93,471.1,456.4,467.83
11/1/1993,53.8,11.78,15.9,11.74,13.76,467.83,469.11,454.36,461.79
12/1/1993,55.6,13.83,13.83,9.31,11.66,461.93,471.29,461.45,466.45
1/1/1994,56,12.57,12.57,9.94,10.63,466.45,482.85,464.36,481.61
2/1/1994,56.5,10.65,16.34,10.61,14.87,481.6,482.23,464.26,467.14
3/1/1994,56.9,15.83,20.45,12.31,20.45,467.19,471.09,436.16,445.76
4/1/1994,57.4,23.87,23.87,13.77,13.77,445.66,452.79,435.86,450.91
5/1/1994,58.2,14.11,16.16,11.94,13.03,450.91,457.77,440.78,456.51
6/1/1994,58.8,12.72,16.72,11.22,14.97,456.5,463.23,439.83,444.27
7/1/1994,58.5,14.36,14.92,11.13,11.13,444.29,459.33,443.58,458.25
8/1/1994,58,11.17,12.83,11.09,11.97,458.27,477.59,456.08,475.5
9/1/1994,59,11.86,14.56,11.4,14.28,475.49,475.49,458.47,462.71
10/1/1994,59.4,15.44,16.97,13.55,14.56,462.77,474.74,449.27,472.35
11/1/1994,59.2,14.84,18.41,14.84,15.95,472.26,472.26,444.18,453.69
12/1/1994,56.1,16.69,17.23,11.82,13.2,453.55,462.73,442.88,461.17
1/1/1995,57.4,14.25,14.25,11.1,11.96,459.21,471.36,457.2,470.42
2/1/1995,55.1,11.73,12.51,10.84,11.75,470.42,489.19,469.29,487.39
3/1/1995,52.1,12.29,14.22,11.19,13.37,487.39,508.15,479.7,500.71
4/1/1995,51.5,13.5,13.5,11.48,11.75,500.74,515.29,500.2,514.71
5/1/1995,46.7,12.14,13.77,11.26,13.77,514.73,533.41,513.03,533.4
6/1/1995,45.9,12.21,14.12,10.75,11.38,533.41,551.07,526,544.75
7/1/1995,50.7,11.57,13.86,11.52,13.49,544.79,565.4,542.51,562.06
8/1/1995,47.1,13.56,13.78,11.52,11.52,562.07,565.62,553.04,561.88
9/1/1995,48.1,11.29,13.22,11.1,12.74,561.83,587.61,561.01,584.41
10/1/1995,46.7,13.95,15.74,13.46,13.83,584.43,590.66,571.55,581.5
11/1/1995,45.9,13.41,13.41,11.57,11.58,581.61,608.69,581.04,605.37
12/1/1995,46.2,11.11,14.55,10.36,12.52,605.42,622.88,605.05,615.93
1/1/1996,45.5,12.19,16.88,12,12.53,615.93,636.18,597.29,636.02
2/1/1996,45.9,12.65,17.12,12.65,17.04,636.02,664.19,633.71,640.43
3/1/1996,46.9,16.72,20.7,16.1,18.88,640.43,656.97,627.63,645.5
4/1/1996,49.3,17.9,20.22,14.72,15.83,645.5,656.68,624.14,654.17
5/1/1996,49.1,16.07,18.62,14.9,16.07,654.17,681.1,630.07,669.12
6/1/1996,53.6,16.86,18.64,13.68,13.68,669.12,680.32,658.75,670.63
7/1/1996,49.7,13.78,21.55,13.78,19.46,670.64,675.88,605.88,639.95
8/1/1996,51.6,18.76,18.76,13.71,17.01,639.95,670.68,639.49,651.99
9/1/1996,51.1,18.47,20.51,15.2,16.95,651.9,690.88,643.97,687.33
10/1/1996,50.5,17.05,18.48,14.8,18.11,687.31,714.1,684.44,705.27
11/1/1996,53,17.89,18.04,13.79,17.14,705.27,762.12,701.3,757.02
12/1/1996,55.2,17.93,21.99,17.75,20.92,757.02,761.75,716.69,740.74
1/1/1997,53.8,21.14,21.14,17.09,19.47,740.74,794.67,729.55,786.16
2/1/1997,53.1,19.58,21.41,18.9,21.1,786.16,817.68,773.43,790.82
3/1/1997,53.8,20.89,22.14,18.32,22.14,790.82,814.9,756.13,757.12
4/1/1997,53.7,20.84,21.34,17.64,20.06,757.12,804.13,733.54,801.34
5/1/1997,56.1,19.87,21.57,17.51,19.19,801.34,851.87,793.21,848.28
6/1/1997,54.9,20.85,21.82,18.51,21.53,848.28,902.09,838.82,885.14
7/1/1997,57.7,21,23.51,17.82,21.48,885.14,957.73,884.54,954.31
8/1/1997,56.3,22.29,24.76,19.77,24.76,954.29,964.17,893.34,899.47
9/1/1997,53.9,24.53,25.99,22,22.91,899.47,960.59,899.47,947.28
10/1/1997,56.4,22.32,38.2,19.53,35.09,950.72,983.12,855.27,914.62
11/1/1997,55.7,32.09,37.57,26.65,27.43,914.62,964.55,900.61,955.4
12/1/1997,54.5,26.01,30.27,22.65,24.01,955.4,986.25,924.92,970.43
1/1/1998,53.8,23.42,28.69,21.47,21.47,970.43,992.65,912.83,980.28
2/1/1998,52.9,21.36,21.55,18.55,18.55,980.28,1051.66,980.28,1049.34
3/1/1998,52.9,19.19,24.66,17.76,24.22,1049.68,1113.07,1030.87,1101.75
4/1/1998,52.2,23.37,26.09,19.87,21.18,1101.75,1132.98,1076.7,1111.77
5/1/1998,50.9,19.34,23.39,18.99,21.32,1111.75,1130.52,1074.39,1090.82
6/1/1998,48.9,22.83,26.2,19.36,19.71,1090.82,1145.15,1074.67,1133.84
7/1/1998,49.2,18,25.68,16.23,24.8,1133.84,1190.58,1114.3,1120.67
8/1/1998,49.3,25.98,44.28,25.98,44.28,1120.67,1121.79,957.42,957.53
9/1/1998,48.7,36.48,45.29,32.47,40.95,957.3,1066.11,939.98,1017.05
10/1/1998,48.7,43.48,49.53,28.05,28.05,1017.01,1103.76,923.32,1098.67
11/1/1998,48.2,27.26,29.28,21.84,26.01,1098.82,1192.97,1098.82,1163.63
12/1/1998,46.8,24.97,31.31,20.21,24.42,1163.63,1244.93,1136.89,1229.23
1/1/1999,50.6,26.17,32.98,23.28,26.25,1229.23,1280.4,1206.59,1279.64
2/1/1999,51.7,27.67,31.36,25.87,27.88,1281.02,1283.91,1211.89,1238.33
3/1/1999,52.4,28.37,29.22,22.73,23.26,1238.33,1323.88,1216.03,1286.42
4/1/1999,52.3,22.06,26.42,21.77,25.07,1286.44,1371.67,1282.55,1335.18
5/1/1999,54.3,24.15,28.9,24.15,25.39,1335.18,1375.98,1277.31,1301.84
6/1/1999,55.8,26.62,26.62,21.09,21.09,1301.74,1372.93,1277.51,1372.66
7/1/1999,53.6,19.69,24.98,17.42,24.64,1372.7,1420.14,1328.49,1328.72
8/1/1999,54.8,25.59,28.45,20.96,24.45,1328.67,1382.75,1267.73,1320.41
9/1/1999,57,22.93,27.84,20.98,25.41,1321.12,1361.39,1256.29,1282.71
10/1/1999,57.2,24.93,28.75,20.49,22.2,1281,1373.22,1233.66,1362.93
11/1/1999,58.1,22.09,24.18,19.11,24.18,1363.17,1425.27,1346.49,1388.95
12/1/1999,57.8,22.23,23.91,19.32,23.4,1388.91,1473.1,1387.38,1469.25
1/1/2000,56.7,24.21,27.01,19.66,24.95,1471.21,1478,1350.05,1394.46
2/1/2000,55.8,23.45,26,21.25,23.37,1395.05,1444.55,1325.02,1359.78
3/1/2000,54.9,21.64,24.86,19.21,23.67,1366.83,1552.87,1346.62,1498.58
4/1/2000,54.7,24.03,33.49,24.03,26.2,1498.58,1527.19,1339.4,1456.04
5/1/2000,53.2,25.88,31.63,23.62,23.65,1456.75,1481.51,1361.09,1420.65
6/1/2000,51.4,22.36,23.05,19.54,19.54,1425.53,1488.93,1425.53,1454.6
7/1/2000,52.5,19.83,21.16,18.94,20.74,1454.27,1517.32,1413.89,1430.84
8/1/2000,49.9,20.55,20.55,16.53,16.84,1430.83,1525.21,1425.43,1517.59
9/1/2000,49.7,17.53,21.88,17.53,20.57,1520.69,1530.09,1419.44,1436.48
10/1/2000,48.7,21.23,29.47,21.03,23.63,1441.68,1454.82,1305.79,1429.39
11/1/2000,48.5,24.28,29.65,23.67,29.65,1425.25,1438.46,1294.9,1314.95
12/1/2000,43.9,27.48,31.74,22.41,26.85,1317.34,1389.05,1254.07,1320.5
1/1/2001,42.3,29.99,29.99,21.57,22.02,1320.28,1383.37,1274.62,1366.01
2/1/2001,42.1,21.66,28.35,20.27,28.35,1365.67,1376.38,1215.44,1239.94
3/1/2001,43.1,28.08,32.84,24.12,28.64,1237.39,1267.42,1081.38,1160.34
4/1/2001,42.7,31.21,34.72,24.13,25.48,1160.2,1269.3,1091.99,1249.48
5/1/2001,41.3,24.2,25.78,20.57,22.64,1249.55,1315.79,1232,1255.84
6/1/2001,43.2,21.59,23.17,19.06,19.06,1257.5,1286.62,1203.03,1226.99
7/1/2001,43.5,18.76,25.24,18.76,21.62,1225,1239.78,1165.54,1211.22
8/1/2001,46.3,20.56,25.41,19.71,24.92,1214.3,1226.27,1124.87,1133.58
9/1/2001,46.2,25.85,43.74,25.85,31.93,1133.38,1155.4,944.75,1040.9
10/1/2001,40.8,32.32,35.31,28.42,33.56,1040.2,1110.61,1026.76,1059.78
11/1/2001,44.1,32.31,32.31,23.25,24.92,1060.98,1163.38,1054.31,1139.45
12/1/2001,45.3,25.77,25.91,21.4,23.8,1137.53,1173.62,1114.53,1148.16
1/1/2002,47.5,22.71,24.35,20.45,21.09,1149.97,1176.97,1081.66,1130.18
2/1/2002,50.7,21.12,26.09,20.85,21.59,1129.4,1129.4,1074.36,1106.74
3/1/2002,52.4,19.96,20.5,17.4,17.4,1108.74,1173.94,1108.74,1147.39
4/1/2002,52.4,18.73,24.05,18.11,21.91,1145.96,1147.84,1063.46,1076.87
5/1/2002,53.1,20.06,22.56,17.7,19.98,1076.4,1106.59,1048.96,1067.18
6/1/2002,53.6,23.37,28.42,22.61,25.4,1066.77,1070.74,952.92,989.44
7/1/2002,50.2,27.11,48.46,27.11,32.03,989.15,994.46,775.68,911.62
8/1/2002,50.3,36.95,45.08,27.75,32.64,910.7,965,833.44,916.08
9/1/2002,50.5,39.97,40.65,34.6,39.69,916.07,924.02,800.2,815.26
10/1/2002,49,34.12,43.44,30,31.14,816.78,907.44,768.63,885.76
11/1/2002,48.5,29.3,31.3,23.16,27.5,884.33,941.82,872.05,936.31
12/1/2002,51.6,27.46,30.78,26.2,28.62,941.57,954.28,869.45,879.82
1/1/2003,51.3,25.39,34.69,24.25,31.17,881.44,935.05,840.34,855.7
2/1/2003,48.8,31.02,34.33,29.63,29.63,855.7,864.64,806.29,841.15
3/1/2003,46.3,30.43,33.61,27.75,29.15,841.96,895.89,788.9,848.12
4/1/2003,46.1,28.36,29.13,20.33,21.21,849.05,924.24,847.85,916.92
5/1/2003,49,21.59,21.59,18.4,19.47,916.8,965.38,902.83,963.59
6/1/2003,49,20.85,22.15,19.14,19.52,965.31,1015.33,964.47,974.5
7/1/2003,51,19.46,20.22,17.75,19.49,973.83,1015.41,962.1,990.31
8/1/2003,53.2,20.75,22.68,17.82,18.63,989.73,1011.01,960.84,1008.03
9/1/2003,52.4,19.02,23.25999,17.57,22.71999,1008.96,1040.29,990.36,995.95
10/1/2003,55.2,22.81,22.82001,15.79,16.09999,997.12,1053.79,997.12,1050.71
11/1/2003,58.4,16.33,19.61,16.01999,16.31999,1051.84,1063.65,1031.2,1058.2
12/1/2003,60.1,16.74001,18.86,14.66,18.31,1059.64,1112.56,1053.41,1111.92
1/1/2004,60.8,17.96001,19,14.01,16.62999,1112.64,1155.38,1105.08,1131.13
2/1/2004,59.9,17.45,18.06,13.8,14.55,1131.88,1158.98,1124.44,1144.94
3/1/2004,60.6,14.91,22.67,13.83,16.73999,1144.94,1163.23,1087.06,1126.21
4/1/2004,60.6,16.75999,17.98,12.89,17.18999,1126.2,1150.54,1107.23,1107.24
5/1/2004,61.4,17.69,20.45,15.19,15.5,1107.3,1127.74,1076.32,1120.64
6/1/2004,60.5,16.60001,17.03999,13.75,14.34,1119.48,1146.34,1113.32,1140.75
7/1/2004,59.9,14.74,17.92999,13.34,15.32,1140.73,1140.8,1078.78,1101.72
8/1/2004,58.5,16.42,19.97,14.67,15.29,1101.72,1109.68,1060.72,1104.24
9/1/2004,57.4,15.39,15.98,13.16,13.34,1104.24,1131.54,1099.18,1114.58
10/1/2004,56.3,13.11,19.53999,12.6,16.26999,1115.96,1142.05,1090.19,1130.2
11/1/2004,56.2,16.42999,16.75999,12.56,13.24,1130.26,1188.46,1127.53,1173.82
12/1/2004,57.2,13.1,13.74,11.14,13.29,1173.83,1217.33,1173.76,1211.92
1/1/2005,56.8,13.39,14.75,12.29,12.82,1213.43,1217.9,1163.75,1181.27
2/1/2005,55.5,12.8,13.2,10.9,12.08,1181.26,1212.44,1181.03,1210.41
3/1/2005,55.2,11.95,14.89,11.66,14.02,1209.21,1225.69,1163.69,1180.59
4/1/2005,52.2,13.64,18.59,11.19,15.31,1181.44,1191.88,1136.22,1156.85
5/1/2005,50.8,15.45,17.89,11.65,13.29,1156.85,1199.56,1146.18,1191.5
6/1/2005,52.4,13.34,13.34,10.78,12.04,1191.07,1219.59,1188.3,1191.33
7/1/2005,52.8,11.75,13.92,9.88,11.57,1191.33,1245.15,1183.55,1234.18
8/1/2005,52.4,11.75,14.41,11.36,12.6,1234.86,1245.86,1201.07,1220.33
9/1/2005,56.8,12.86,14.39,11.07,11.92,1219.71,1243.13,1205.35,1228.81
10/1/2005,57.2,12.37,17.19,11.98,15.32,1228.81,1233.34,1168.42,1207.01
11/1/2005,56.7,14.85,15.66,10.5,12.06,1205.85,1270.64,1201.07,1249.48
12/1/2005,55.1,12.09,12.44,10.15,12.07,1249.48,1275.8,1246.59,1248.29
1/1/2006,55,12.25,14.56,10.81,12.95,1252.03,1294.9,1245.74,1280.08
2/1/2006,55.8,12.95,13.73,11.13,12.34,1280.08,1297.57,1253.61,1280.66
3/1/2006,54.3,12.05,13.34,10.53,11.39,1281.65,1310.88,1268.42,1294.82
4/1/2006,55.2,11.47,13.9,11.02,11.59,1302.88,1318.16,1280.74,1310.61
5/1/2006,53.7,11.83,19.87,11.18,16.43999,1311.1,1326.7,1245.34,1270.09
6/1/2006,52,16.47,23.81,12.74,13.08,1270.22,1290.68,1219.29,1270.2
7/1/2006,53,13.29,19.58,12.77,14.95,1270.93,1280.42,1224.54,1276.66
8/1/2006,53.7,15.49,16.14999,11.57,12.31,1275.76,1306.74,1261.3,1303.82
9/1/2006,52.2,12.14,14.49,10.54,11.98,1303.8,1340.28,1290.93,1335.85
10/1/2006,51.4,12.45,12.91,10.44,11.1,1335.56,1389.45,1327.1,1377.94
11/1/2006,50.3,10.93,12.55,9.81,10.91,1377.76,1407.89,1360.98,1400.63
12/1/2006,51.4,11.07,12.68,8.6,11.56,1400.63,1431.81,1385.93,1418.3
1/1/2007,49.5,12.16,12.83,9.87,10.42,1418.03,1441.61,1403.97,1438.24
2/1/2007,51.9,10.32,19.00999,9.7,15.42,1437.9,1461.57,1389.42,1406.82
3/1/2007,50.7,17.75999,21.25,11.21,14.64,1406.8,1438.89,1363.98,1420.86
4/1/2007,52.6,14.91,15.46,11.46,14.22,1420.83,1498.02,1416.37,1482.37
5/1/2007,52.5,14.1,14.6,12.08,13.05,1483,1535.56,1476.7,1530.62
6/1/2007,52.6,12.77,18.98,12.43,16.23,1532.99,1540.56,1484.18,1503.35
7/1/2007,52.4,16.48,24.17,14.67,23.51999,1506.14,1555.9,1454.22,1455.27
8/1/2007,50.9,23.71001,37.5,19.32999,23.37999,1454.4,1503.41,1370.6,1473.99
9/1/2007,51,21.92999,28.82001,16.90999,18,1473.96,1538.74,1439.29,1526.75
10/1/2007,51.1,18.44,24.14999,16.07999,18.53,1527.29,1576.09,1489.56,1549.38
11/1/2007,50.5,19.89,31.09,17.37999,22.87,1545.79,1545.79,1406.1,1481.14
12/1/2007,49,23.59,24.86,18.28,22.5,1479.63,1523.57,1435.65,1468.36
1/1/2008,50.3,22.58,37.57001,22.10999,26.2,1467.97,1471.77,1270.05,1378.55
2/1/2008,47.6,25.66,29.7,21.64,26.53999,1378.6,1396.02,1316.75,1330.63
3/1/2008,48.3,27.53999,35.60001,22.28999,25.60999,1330.45,1359.68,1256.98,1322.7
4/1/2008,48.8,25.61,25.61,19.20999,20.78999,1326.41,1404.57,1324.35,1385.59
5/1/2008,48.8,20.78,20.95,15.82,17.82999,1385.97,1440.24,1373.07,1400.38
6/1/2008,49.8,17.83,24.56,17.82999,23.95,1399.62,1404.05,1272,1280
7/1/2008,50,25.14,30.81,18.17,22.93999,1276.68,1292.17,1200.44,1267.38
8/1/2008,49.2,22.66,23.86,18.64,20.64999,1269.42,1313.15,1247.45,1282.83
9/1/2008,44.8,20.64999,48.39999,20.46999,39.39,1287.82,1303.04,1106.39,1166.36
10/1/2008,38.9,39.39,96.39999,28.12999,59.89,1164.17,1167.03,839.8,968.75
11/1/2008,36.5,60.17,81.48,44.25,55.28,968.67,1007.51,747.78,896.24
12/1/2008,33.1,60.47,68.60001,37.95999,40,888.61,918.85,815.69,903.25
1/1/2009,34.9,39.58,57.36,33.48,44.84,902.99,943.85,804.3,825.88
2/1/2009,35.5,49.42,53.16,40.73,46.34999,823.09,875.01,734.52,735.09
3/1/2009,36,49.96001,53.25,38.78999,44.14,729.57,832.98,666.79,797.87
4/1/2009,39.5,45.42,45.60001,33.67999,36.5,793.59,888.7,783.32,872.81
5/1/2009,41.7,36.5,36.88,26.56999,28.92,872.74,930.17,866.1,919.14
6/1/2009,45.8,28.7,32.77,25.01999,26.34999,923.26,956.23,888.86,919.32
7/1/2009,49.9,25.73,33.05,23,25.92,920.82,996.68,869.32,987.48
8/1/2009,53.5,25.92,28.39,22.57999,26.00999,990.22,1039.47,978.51,1020.62
9/1/2009,54.4,26.00999,29.57001,22.18999,25.60999,1019.52,1080.15,991.97,1057.08
10/1/2009,56,25.98,31.59,20.09999,30.68999,1054.91,1101.36,1019.95,1036.19
11/1/2009,54.4,30.7,31.84,19.76999,24.50999,1036.18,1113.69,1029.38,1095.63
12/1/2009,55.3,24.50999,24.50999,16.25999,21.67999,1098.89,1130.38,1085.89,1115.1
1/1/2010,57.2,21.67999,28.00999,16.85999,24.62,1116.56,1150.45,1071.59,1073.87
2/1/2010,55.8,24.33,29.22,19.31999,19.5,1073.89,1112.42,1044.5,1104.49
3/1/2010,58.8,19.92999,19.94,16.17,17.59,1105.36,1180.69,1105.36,1169.43
4/1/2010,58.1,17.00999,23.2,15.23,22.04999,1171.23,1219.8,1170.69,1186.68
5/1/2010,58.3,22.41,48.2,19.60999,32.06999,1188.57,1205.13,1040.78,1089.41
6/1/2010,56.4,34.87,37.38,22.87,34.53999,1087.3,1131.23,1028.33,1030.71
7/1/2010,56.4,34.41,37.58,21.86,23.5,1031.1,1120.95,1010.91,1101.6
8/1/2010,58,23.07001,28.92,21.36,26.05,1107.53,1129.24,1039.7,1049.33
9/1/2010,56.3,25.13,25.13,20.85001,23.7,1049.72,1157.16,1049.72,1141.2
10/1/2010,57.7,22.89999,24.34,17.89999,21.2,1143.49,1196.14,1131.87,1183.26
11/1/2010,57.6,21.64999,23.84,17.75999,23.53999,1185.71,1227.08,1173,1180.55
12/1/2010,57.5,21.19,21.42999,15.4,17.75,1186.6,1262.6,1186.6,1257.64
1/1/2011,59,17.94,20.08,15.37,19.53,1257.62,1302.67,1257.62,1286.12
2/1/2011,59.3,18.59,23.22,14.86,18.35001,1289.14,1344.07,1289.14,1327.22
3/1/2011,59.1,17.63,31.28,17.07001,17.74001,1328.64,1332.28,1249.05,1325.83
4/1/2011,58.9,16.67999,19.07001,14.27,14.75,1329.48,1363.61,1294.7,1363.61
5/1/2011,53.7,15.07,20.03,15.07,15.45,1365.21,1370.58,1311.8,1345.2
6/1/2011,56.6,15.95,24.64999,15.88,16.52,1345.2,1345.2,1258.07,1320.64
7/1/2011,52.9,16.06,25.94,15.12,25.25,1320.64,1356.48,1282.86,1292.28
8/1/2011,53,22.63,48,22.46001,31.62,1292.59,1307.38,1101.54,1218.89
9/1/2011,52.8,31.91,43.87,30.42999,42.96001,1219.12,1229.29,1114.22,1131.42
10/1/2011,51.8,44.25,46.88,24.44,29.96001,1131.21,1292.66,1074.77,1253.3
11/1/2011,52.1,36.03,37.53,27.03,27.8,1251,1277.55,1158.66,1246.96
12/1/2011,53.1,27.63,30.91,20.34,23.39999,1246.91,1269.37,1202.37,1257.6
1/1/2012,52.8,22.95,23.73,16.8,19.44,1258.86,1333.47,1258.86,1312.41
2/1/2012,52.4,18.67999,21.98,16.10001,18.42999,1312.45,1378.04,1312.45,1365.68
3/1/2012,53,18.02,21.24001,13.66,15.5,1365.9,1419.15,1340.03,1408.47
4/1/2012,53.7,16.35001,21.06,15.02,17.14999,1408.47,1422.38,1357.38,1397.91
5/1/2012,53.2,17.27,25.46001,16.00999,24.06,1397.86,1415.32,1291.98,1310.33
6/1/2012,51,25.87,27.73,16.77,17.08,1309.87,1363.46,1266.74,1362.16
7/1/2012,50.6,17.62,21,15.45,18.92999,1362.33,1391.74,1325.41,1379.32
8/1/2012,51.1,18.8,19.25,13.3,17.47,1379.32,1426.68,1354.65,1406.58
9/1/2012,52.2,18.64999,18.96001,13.51,15.73,1406.54,1474.51,1396.56,1440.67
10/1/2012,51.2,16.03,19.64999,13.67,18.60001,1440.9,1470.96,1403.28,1412.16
11/1/2012,49.5,17.77,19.39999,14.77,15.87,1412.2,1434.27,1343.35,1416.18
12/1/2012,50.4,15.81,23.23,15.41,18.02,1416.34,1448,1398.11,1426.19
1/1/2013,52.3,15.24,15.93,12.29,14.28,1426.19,1509.94,1426.19,1498.11
2/1/2013,53.1,13.37,19.28,12.08,15.51,1498.11,1530.94,1485.01,1514.68
3/1/2013,51.5,16.10001,16.82001,11.05,12.7,1514.68,1570.28,1501.48,1569.19
4/1/2013,50,13.46,18.2,11.99,13.52,1569.18,1597.57,1536.03,1597.57
5/1/2013,50,13.88,16.35001,12.26,16.3,1597.55,1687.18,1581.28,1630.74
6/1/2013,52.5,16.39999,21.91,14.96,16.86,1631.71,1654.19,1560.33,1606.28
7/1/2013,54.9,16.89999,17.32001,12.07,13.45,1609.78,1698.78,1604.57,1685.73
8/1/2013,56.3,12.89,17.81,11.83,17.00999,1689.42,1709.67,1627.47,1632.97
9/1/2013,56,16.47,17.49,12.52,16.6,1635.95,1729.86,1633.41,1681.55
10/1/2013,56.6,16.31,21.34,12.34,13.75,1682.41,1775.22,1646.47,1756.54
11/1/2013,57,13.46,14.14,11.99,13.7,1758.7,1813.55,1746.2,1805.81
12/1/2013,56.5,13.91,16.75,11.69,13.72,1806.55,1849.44,1767.99,1848.36
1/1/2014,51.3,14.32,18.99,11.81,18.41,1845.86,1850.84,1770.45,1782.59
2/1/2014,54.3,18.57,21.48,13.44,14,1782.68,1867.92,1737.92,1859.45
3/1/2014,54.4,16.47,18.22,13.46,13.88,1857.68,1883.97,1834.44,1872.34
4/1/2014,55.3,13.43,17.85,12.6,13.41,1873.96,1897.28,1814.36,1883.95
5/1/2014,55.6,13.64,14.49,11.32,11.4,1884.39,1924.03,1859.79,1923.57
6/1/2014,55.7,11.69,12.89,10.34,11.57,1923.87,1968.17,1915.98,1960.23
7/1/2014,56.4,11.28,17.11,10.28,16.95,1962.29,1991.39,1930.67,1930.67
8/1/2014,58.1,16.67,17.57,11.24,11.98,1929.8,2005.04,1904.78,2003.37
9/1/2014,56.1,12.32,17.08,11.52,16.31,2004.07,2019.26,1964.04,1972.29
10/1/2014,57.9,16.44,31.06,13.72,14.03,1971.44,2018.19,1820.66,2018.05
11/1/2014,57.6,14.41,15.93,11.91,13.33,2018.21,2075.76,2001.01,2067.56
12/1/2014,55.1,14.16,25.2,11.53,19.2,2065.78,2093.55,1972.56,2058.9
1/1/2015,53.5,17.76,23.43,15.52,20.97,2058.9,2072.36,1988.12,1994.99
2/1/2015,52.9,20.89,22.81,12.86,13.34,1996.67,2119.59,1980.9,2104.5
3/1/2015,51.5,13.9,17.19,12.54,15.29,2105.23,2117.52,2039.69,2067.89
4/1/2015,51.5,15.32,16.66,12.12,14.55,2067.63,2125.92,2048.38,2085.51
5/1/2015,52.8,13.98,16.36,11.82,13.84,2087.38,2134.72,2067.93,2107.39
6/1/2015,53.5,13.92,19.8,11.93,18.23,2108.64,2129.87,2056.32,2063.11
7/1/2015,52.7,16.63,20.05,11.71,12.12,2067,2132.82,2044.02,2103.84
8/1/2015,51.1,12.85,53.29,10.88,28.43,2104.49,2112.66,1867.01,1972.18
9/1/2015,50.2,31.91,33.82,17.87,24.5,1970.09,2020.86,1871.91,1920.03
10/1/2015,49.4,23.14,25.23,12.8,15.07,1919.65,2094.32,1893.7,2079.36
11/1/2015,48.4,15.41,20.67,13.67,16.13,2080.76,2116.48,2019.39,2080.41
12/1/2015,48,15.61,26.81,14.45,18.21,2082.93,2104.27,1993.26,2043.94
1/1/2016,48.2,22.48,32.09,19.25,20.2,2038.2,2038.2,1812.29,1940.24
2/1/2016,49.7,21.32,29.87,18.88,20.55,1936.94,1962.96,1810.1,1932.23
3/1/2016,51.7,19.84,20.17,13.06,13.95,1937.09,2072.21,1937.09,2059.74
4/1/2016,50.7,15.23,17.09,12.5,15.7,2056.62,2111.05,2033.8,2065.3
5/1/2016,51,16.33,17.65,13.04,14.19,2067.17,2103.48,2025.91,2096.96
6/1/2016,52.8,14.45,26.72,12.72,15.63,2093.94,2120.55,1991.68,2098.86
7/1/2016,52.3,15.59,17.04,11.4,11.87,2099.34,2177.09,2074.02,2173.6
8/1/2016,49.4,11.89,14.93,11.02,13.42,2173.15,2193.81,2147.58,2170.95
9/1/2016,51.7,13.07,20.51,11.65,13.29,2171.33,2187.87,2119.12,2168.27
10/1/2016,52,13.75,17.95,12.21,17.06,2164.33,2169.6,2114.72,2126.15
11/1/2016,53.5,16.54,23.01,12.16,13.33,2128.68,2214.1,2083.79,2198.81
12/1/2016,54.5,13.4,14.72,10.93,14.04,2200.17,2277.53,2187.44,2238.83
1/1/2017,56,14.07,14.07,10.3,11.99,2251.57,2300.99,2245.13,2278.87
2/1/2017,57.6,11.79,12.96,10.55,12.92,2285.59,2371.54,2271.65,2363.64
3/1/2017,56.6,12.31,15.11,10.6,12.37,2380.13,2400.98,2322.25,2362.72
4/1/2017,55.3,12.59,16.28,10.22,10.82,2362.34,2398.16,2328.95,2384.2
5/1/2017,55.5,10.92,16.3,9.56,10.41,2388.5,2418.71,2352.72,2411.8
6/1/2017,56.7,10.42,15.16,9.37,11.18,2415.65,2453.82,2405.7,2423.41
7/1/2017,56.5,11.07,13.05,8.84,10.26,2431.39,2484.04,2407.7,2470.3
8/1/2017,59.3,10.19,17.28,9.52,10.59,2477.1,2490.87,2417.35,2471.65
9/1/2017,60.2,10.33,14.06,9.36,9.51,2474.42,2519.44,2446.55,2519.36
10/1/2017,58.5,9.59,13.2,9.11,10.18,2521.2,2582.98,2520.4,2575.26
11/1/2017,58.2,9.79,14.51,8.56,11.28,2583.21,2657.74,2557.45,2647.58
12/1/2017,59.3,11.19,14.58,8.9,11.04,2645.1,2694.97,2605.52,2673.61
1/1/2018,59.1,10.95,15.42,8.92,13.58,2683.73,2872.87,2682.36,2823.81
2/1/2018,60.7,13.05,50.3,12.5,19.85,2816.45,2835.96,2532.69,2713.83
3/1/2018,59.3,19.96,26.22,13.31,19.97,2715.22,2801.9,2585.89,2640.87
4/1/2018,57.9,21.07,25.72,14.57,15.93,2633.45,2717.49,2553.8,2648.05
5/1/2018,58.7,15.78,18.78,10.91,15.43,2643.64,2742.24,2594.62,2705.27
6/1/2018,60,14.92,19.61,11.22,16.09,2718.7,2791.47,2691.99,2718.37
7/1/2018,58.4,17.7,18.08,11.44,12.83,2704.95,2848.03,2698.95,2816.29
8/1/2018,60.8,13.09,16.86,10.17,12.86,2821.17,2916.5,2796.34,2901.52
9/1/2018,59.5,13.13,15.63,11.1,12.12,2896.96,2940.91,2864.12,2913.98
10/1/2018,57.5,11.99,28.84,11.34,21.23,2926.29,2939.86,2603.54,2711.74
11/1/2018,58.8,20.96,23.81,16.09,18.07,2717.58,2815.15,2631.09,2760.17
12/1/2018,54.3,16.04,36.2,15.94,25.42,2790.5,2800.18,2346.58,2506.85
1/1/2019,56.6,27.54,28.53,16.54,16.57,2476.96,2708.95,2443.96,2704.1
2/1/2019,54.1,16.63,17.89,13.44,14.78,2702.32,2813.49,2681.83,2784.49
3/1/2019,54.6,14.57,18.33,12.37,13.71,2798.22,2860.31,2722.27,2834.4
4/1/2019,53.4,13.9,14.39,11.03,13.12,2848.63,2949.52,2848.63,2945.83
5/1/2019,52.3,12.86,23.38,12.74,18.71,2952.33,2954.13,2750.52,2752.06
6/1/2019,51.6,19.41,19.75,13.19,15.08,2751.53,2964.15,2728.81,2941.76
7/1/2019,51.3,13.85,16.55,11.69,16.12,2971.41,3027.98,2952.22,2980.38
8/1/2019,48.8,15.41,24.81,13.73,18.98,2980.32,3013.59,2822.12,2926.46
9/1/2019,48.2,20.96,21.15,13.31,16.24,2909.01,3021.99,2891.85,2976.74
10/1/2019,48.5,16.02,21.46,12.19,13.22,2983.69,3050.1,2855.94,3037.56
11/1/2019,48.1,12.99,14.17,11.42,12.62,3050.72,3154.26,3050.72,3140.98
12/1/2019,47.8,12.69,17.99,11.71,13.78,3143.85,3247.93,3070.33,3230.78
1/1/2020,50.9,13.46,19.99,11.75,18.84,3244.67,3337.77,3214.64,3225.52
2/1/2020,50.3,18.64,49.48,13.38,40.11,3235.66,3393.52,2855.84,2954.22
3/1/2020,49.7,34.86,85.47,24.93,53.54,2974.28,3136.72,2191.86,2584.59
4/1/2020,41.7,57.38,60.59,30.54,34.15,2498.08,2954.86,2447.49,2912.43
5/1/2020,43.1,38.17,40.32,25.92,27.51,2869.09,3068.67,2766.64,3044.31
6/1/2020,52.2,28.94,44.44,23.54,30.43,3038.78,3233.13,2965.66,3100.29
7/1/2020,53.7,30.96,33.67,23.55,24.46,3105.92,3279.99,3101.17,3271.12
8/1/2020,55.6,25.75,27.09,20.28,26.41,3288.26,3514.77,3284.53,3500.31
9/1/2020,55.7,25.86,38.28,24.84,26.37,3507.44,3588.11,3209.45,3363
10/1/2020,58.8,25.78,41.16,24.03,38.02,3385.87,3549.85,3233.94,3269.96
11/1/2020,57.7,38.57,38.78,19.51,20.57,3296.2,3645.99,3279.74,3621.63
12/1/2020,60.5,20.21,31.46,19.97,22.75,3645.87,3760.2,3633.4,3756.08
1/1/2021,58.7,23.04,37.51,21.09,33.09,3764.61,3870.9,3662.71,3714.25
2/1/2021,60.8,31.45,33.96,19.69,27.95,3731.17,3950.43,3725.62,3811.16
3/1/2021,64.7,25.2,31.9,18.68,19.4,3842.51,3994.41,3723.34,3972.9
